R0;antiviraldosesdaily;vaccinedosesdaily;isolation;quarantine;liberalleave;schoolclosuredays;ar
1.810620347;5124;4191;0.530273593;0.773389398;0.596612989;54;0.000124227
1.810620347;5124;4191;0.530273593;0.773389398;0.596612989;54;0.000145527
1.810620347;5124;4191;0.530273593;0.773389398;0.596612989;54;0.000110035
1.810620347;5124;4191;0.530273593;0.773389398;0.596612989;54;0.000701031
1.810620347;5124;4191;0.530273593;0.773389398;0.596612989;54;0.000296374
1.810620347;5124;4191;0.530273593;0.773389398;0.596612989;54;8.34E-05
1.810620347;5124;4191;0.530273593;0.773389398;0.596612989;54;0.00011536
1.810620347;5124;4191;0.530273593;0.773389398;0.596612989;54;0.000157962
1.810620347;5124;4191;0.530273593;0.773389398;0.596612989;54;0.000133112
1.810620347;5124;4191;0.530273593;0.773389398;0.596612989;54;6.03E-05
1.810620347;5124;4191;0.530273593;0.773389398;0.596612989;54;9.41E-05
1.810620347;5124;4191;0.530273593;0.773389398;0.596612989;54;4.44E-05
1.810620347;5124;4191;0.530273593;0.773389398;0.596612989;54;0.000181024
1.810620347;5124;4191;0.530273593;0.773389398;0.596612989;54;0.000165048
1.810620347;5124;4191;0.530273593;0.773389398;0.596612989;54;0.000115358
1.810620347;5124;4191;0.530273593;0.773389398;0.596612989;54;4.08E-05
1.810620347;5124;4191;0.530273593;0.773389398;0.596612989;54;6.03E-05
1.810620347;5124;4191;0.530273593;0.773389398;0.596612989;54;0.000101162
1.810620347;5124;4191;0.530273593;0.773389398;0.596612989;54;0.000131337
1.810620347;5124;4191;0.530273593;0.773389398;0.596612989;54;6.39E-05
2.186431912;4210;5021;0.306865819;0.439218558;0.656234095;49;0.00726019
2.186431912;4210;5021;0.306865819;0.439218558;0.656234095;49;0.00604292
2.186431912;4210;5021;0.306865819;0.439218558;0.656234095;49;0.00989602
2.186431912;4210;5021;0.306865819;0.439218558;0.656234095;49;0.00315553
2.186431912;4210;5021;0.306865819;0.439218558;0.656234095;49;0.0141709
2.186431912;4210;5021;0.306865819;0.439218558;0.656234095;49;0.00815328
2.186431912;4210;5021;0.306865819;0.439218558;0.656234095;49;0.00891822
2.186431912;4210;5021;0.306865819;0.439218558;0.656234095;49;0.00429515
2.186431912;4210;5021;0.306865819;0.439218558;0.656234095;49;0.00855823
2.186431912;4210;5021;0.306865819;0.439218558;0.656234095;49;0.00167006
2.186431912;4210;5021;0.306865819;0.439218558;0.656234095;49;0.0213603
2.186431912;4210;5021;0.306865819;0.439218558;0.656234095;49;0.022057
2.186431912;4210;5021;0.306865819;0.439218558;0.656234095;49;0.0114844
2.186431912;4210;5021;0.306865819;0.439218558;0.656234095;49;0.00356895
2.186431912;4210;5021;0.306865819;0.439218558;0.656234095;49;0.00199481
2.186431912;4210;5021;0.306865819;0.439218558;0.656234095;49;0.000141989
2.186431912;4210;5021;0.306865819;0.439218558;0.656234095;49;0.0182241
2.186431912;4210;5021;0.306865819;0.439218558;0.656234095;49;0.00784449
2.186431912;4210;5021;0.306865819;0.439218558;0.656234095;49;0.00474589
2.186431912;4210;5021;0.306865819;0.439218558;0.656234095;49;0.00750014
1.790793657;5499;4906;0.56639687;0.512667839;0.425914841;42;0.00157946
1.790793657;5499;4906;0.56639687;0.512667839;0.425914841;42;6.03E-05
1.790793657;5499;4906;0.56639687;0.512667839;0.425914841;42;0.000207646
1.790793657;5499;4906;0.56639687;0.512667839;0.425914841;42;0.000342529
1.790793657;5499;4906;0.56639687;0.512667839;0.425914841;42;4.08E-05
1.790793657;5499;4906;0.56639687;0.512667839;0.425914841;42;0.00011181
1.790793657;5499;4906;0.56639687;0.512667839;0.425914841;42;0.000647791
1.790793657;5499;4906;0.56639687;0.512667839;0.425914841;42;0.00018281
1.790793657;5499;4906;0.56639687;0.512667839;0.425914841;42;3.37E-05
1.790793657;5499;4906;0.56639687;0.512667839;0.425914841;42;6.92E-05
1.790793657;5499;4906;0.56639687;0.512667839;0.425914841;42;8.70E-05
1.790793657;5499;4906;0.56639687;0.512667839;0.425914841;42;0.000111812
1.790793657;5499;4906;0.56639687;0.512667839;0.425914841;42;9.76E-05
1.790793657;5499;4906;0.56639687;0.512667839;0.425914841;42;0.000392212
1.790793657;5499;4906;0.56639687;0.512667839;0.425914841;42;0.000159727
1.790793657;5499;4906;0.56639687;0.512667839;0.425914841;42;0.000133115
1.790793657;5499;4906;0.56639687;0.512667839;0.425914841;42;4.44E-05
1.790793657;5499;4906;0.56639687;0.512667839;0.425914841;42;0.000101162
1.790793657;5499;4906;0.56639687;0.512667839;0.425914841;42;0.000298171
1.790793657;5499;4906;0.56639687;0.512667839;0.425914841;42;9.05E-05
1.968485701;9217;6709;0.108907356;0.679537136;0.767113011;43;6.92E-05
1.968485701;9217;6709;0.108907356;0.679537136;0.767113011;43;0.00129732
1.968485701;9217;6709;0.108907356;0.679537136;0.767113011;43;0.000278636
1.968485701;9217;6709;0.108907356;0.679537136;0.767113011;43;0.000397547
1.968485701;9217;6709;0.108907356;0.679537136;0.767113011;43;0.000182794
1.968485701;9217;6709;0.108907356;0.679537136;0.767113011;43;0.000502259
1.968485701;9217;6709;0.108907356;0.679537136;0.767113011;43;0.000145531
1.968485701;9217;6709;0.108907356;0.679537136;0.767113011;43;0.000228956
1.968485701;9217;6709;0.108907356;0.679537136;0.767113011;43;0.000200556
1.968485701;9217;6709;0.108907356;0.679537136;0.767113011;43;9.94E-05
1.968485701;9217;6709;0.108907356;0.679537136;0.767113011;43;0.000156174
1.968485701;9217;6709;0.108907356;0.679537136;0.767113011;43;0.000887393
1.968485701;9217;6709;0.108907356;0.679537136;0.767113011;43;0.000541297
1.968485701;9217;6709;0.108907356;0.679537136;0.767113011;43;0.000234262
1.968485701;9217;6709;0.108907356;0.679537136;0.767113011;43;6.21E-05
1.968485701;9217;6709;0.108907356;0.679537136;0.767113011;43;0.000280428
1.968485701;9217;6709;0.108907356;0.679537136;0.767113011;43;0.000145537
1.968485701;9217;6709;0.108907356;0.679537136;0.767113011;43;0.000150856
1.968485701;9217;6709;0.108907356;0.679537136;0.767113011;43;0.000747202
1.968485701;9217;6709;0.108907356;0.679537136;0.767113011;43;0.000532428
1.914787634;8447;1494;0.486652194;0.583118044;0.206207253;74;0.000337188
1.914787634;8447;1494;0.486652194;0.583118044;0.206207253;74;0.000294604
1.914787634;8447;1494;0.486652194;0.583118044;0.206207253;74;0.000184574
1.914787634;8447;1494;0.486652194;0.583118044;0.206207253;74;0.0299899
1.914787634;8447;1494;0.486652194;0.583118044;0.206207253;74;0.000413504
1.914787634;8447;1494;0.486652194;0.583118044;0.206207253;74;0.020921
1.914787634;8447;1494;0.486652194;0.583118044;0.206207253;74;0.057247
1.914787634;8447;1494;0.486652194;0.583118044;0.206207253;74;8.70E-05
1.914787634;8447;1494;0.486652194;0.583118044;0.206207253;74;2.31E-05
1.914787634;8447;1494;0.486652194;0.583118044;0.206207253;74;0.03133
1.914787634;8447;1494;0.486652194;0.583118044;0.206207253;74;0.000260881
1.914787634;8447;1494;0.486652194;0.583118044;0.206207253;74;0.057212
1.914787634;8447;1494;0.486652194;0.583118044;0.206207253;74;7.81E-05
1.914787634;8447;1494;0.486652194;0.583118044;0.206207253;74;0.000367366
1.914787634;8447;1494;0.486652194;0.583118044;0.206207253;74;0.0428796
1.914787634;8447;1494;0.486652194;0.583118044;0.206207253;74;0.0750572
1.914787634;8447;1494;0.486652194;0.583118044;0.206207253;74;0.000477432
1.914787634;8447;1494;0.486652194;0.583118044;0.206207253;74;0.000315909
1.914787634;8447;1494;0.486652194;0.583118044;0.206207253;74;0.101575
1.914787634;8447;1494;0.486652194;0.583118044;0.206207253;74;8.34E-05
1.66673867;3598;3036;0.157457032;0.547042481;0.627364876;29;3.55E-05
1.66673867;3598;3036;0.157457032;0.547042481;0.627364876;29;7.10E-05
1.66673867;3598;3036;0.157457032;0.547042481;0.627364876;29;0.000113584
1.66673867;3598;3036;0.157457032;0.547042481;0.627364876;29;0.00211019
1.66673867;3598;3036;0.157457032;0.547042481;0.627364876;29;0.00453257
1.66673867;3598;3036;0.157457032;0.547042481;0.627364876;29;0.00369862
1.66673867;3598;3036;0.157457032;0.547042481;0.627364876;29;9.41E-05
1.66673867;3598;3036;0.157457032;0.547042481;0.627364876;29;0.00263744
1.66673867;3598;3036;0.157457032;0.547042481;0.627364876;29;2.66E-05
1.66673867;3598;3036;0.157457032;0.547042481;0.627364876;29;5.86E-05
1.66673867;3598;3036;0.157457032;0.547042481;0.627364876;29;4.26E-05
1.66673867;3598;3036;0.157457032;0.547042481;0.627364876;29;0.00246518
1.66673867;3598;3036;0.157457032;0.547042481;0.627364876;29;5.32E-05
1.66673867;3598;3036;0.157457032;0.547042481;0.627364876;29;0.000827017
1.66673867;3598;3036;0.157457032;0.547042481;0.627364876;29;4.26E-05
1.66673867;3598;3036;0.157457032;0.547042481;0.627364876;29;0.00845189
1.66673867;3598;3036;0.157457032;0.547042481;0.627364876;29;0.0133202
1.66673867;3598;3036;0.157457032;0.547042481;0.627364876;29;7.99E-05
1.66673867;3598;3036;0.157457032;0.547042481;0.627364876;29;2.31E-05
1.66673867;3598;3036;0.157457032;0.547042481;0.627364876;29;0.000122459
1.87131731;1851;8510;0.859645208;0.400777707;0.349241002;20;0.000637108
1.87131731;1851;8510;0.859645208;0.400777707;0.349241002;20;0.00306317
1.87131731;1851;8510;0.859645208;0.400777707;0.349241002;20;0.000344302
1.87131731;1851;8510;0.859645208;0.400777707;0.349241002;20;0.00144288
1.87131731;1851;8510;0.859645208;0.400777707;0.349241002;20;0.00158658
1.87131731;1851;8510;0.859645208;0.400777707;0.349241002;20;0.00124944
1.87131731;1851;8510;0.859645208;0.400777707;0.349241002;20;0.00225928
1.87131731;1851;8510;0.859645208;0.400777707;0.349241002;20;0.000757863
1.87131731;1851;8510;0.859645208;0.400777707;0.349241002;20;0.00174821
1.87131731;1851;8510;0.859645208;0.400777707;0.349241002;20;0.000362053
1.87131731;1851;8510;0.859645208;0.400777707;0.349241002;20;0.000301699
1.87131731;1851;8510;0.859645208;0.400777707;0.349241002;20;0.000386903
1.87131731;1851;8510;0.859645208;0.400777707;0.349241002;20;4.44E-05
1.87131731;1851;8510;0.859645208;0.400777707;0.349241002;20;0.000913978
1.87131731;1851;8510;0.859645208;0.400777707;0.349241002;20;0.00101693
1.87131731;1851;8510;0.859645208;0.400777707;0.349241002;20;0.000878557
1.87131731;1851;8510;0.859645208;0.400777707;0.349241002;20;0.000640717
1.87131731;1851;8510;0.859645208;0.400777707;0.349241002;20;0.000598098
1.87131731;1851;8510;0.859645208;0.400777707;0.349241002;20;3.37E-05
1.87131731;1851;8510;0.859645208;0.400777707;0.349241002;20;0.00138076
2.147709262;5826;5954;0.381269904;0.874826576;0.502355968;54;0.000354935
2.147709262;5826;5954;0.381269904;0.874826576;0.502355968;54;0.000449004
2.147709262;5826;5954;0.381269904;0.874826576;0.502355968;54;8.52E-05
2.147709262;5826;5954;0.381269904;0.874826576;0.502355968;54;0.00105243
2.147709262;5826;5954;0.381269904;0.874826576;0.502355968;54;0.000283951
2.147709262;5826;5954;0.381269904;0.874826576;0.502355968;54;0.000567926
2.147709262;5826;5954;0.381269904;0.874826576;0.502355968;54;0.000915782
2.147709262;5826;5954;0.381269904;0.874826576;0.502355968;54;0.000633624
2.147709262;5826;5954;0.381269904;0.874826576;0.502355968;54;9.23E-05
2.147709262;5826;5954;0.381269904;0.874826576;0.502355968;54;0.000126009
2.147709262;5826;5954;0.381269904;0.874826576;0.502355968;54;0.00148188
2.147709262;5826;5954;0.381269904;0.874826576;0.502355968;54;0.000154406
2.147709262;5826;5954;0.381269904;0.874826576;0.502355968;54;0.00038157
2.147709262;5826;5954;0.381269904;0.874826576;0.502355968;54;0.000211191
2.147709262;5826;5954;0.381269904;0.874826576;0.502355968;54;0.000260887
2.147709262;5826;5954;0.381269904;0.874826576;0.502355968;54;0.000578605
2.147709262;5826;5954;0.381269904;0.874826576;0.502355968;54;0.0008324
2.147709262;5826;5954;0.381269904;0.874826576;0.502355968;54;0.00039045
2.147709262;5826;5954;0.381269904;0.874826576;0.502355968;54;0.000266224
2.147709262;5826;5954;0.381269904;0.874826576;0.502355968;54;0.00011181
1.412650868;506;3887;0.780227673;0.763762531;0.276453446;22;0.000140199
1.412650868;506;3887;0.780227673;0.763762531;0.276453446;22;4.97E-05
1.412650868;506;3887;0.780227673;0.763762531;0.276453446;22;4.44E-05
1.412650868;506;3887;0.780227673;0.763762531;0.276453446;22;0.00077912
1.412650868;506;3887;0.780227673;0.763762531;0.276453446;22;6.39E-05
1.412650868;506;3887;0.780227673;0.763762531;0.276453446;22;3.73E-05
1.412650868;506;3887;0.780227673;0.763762531;0.276453446;22;6.39E-05
1.412650868;506;3887;0.780227673;0.763762531;0.276453446;22;4.97E-05
1.412650868;506;3887;0.780227673;0.763762531;0.276453446;22;3.55E-05
1.412650868;506;3887;0.780227673;0.763762531;0.276453446;22;0.000136657
1.412650868;506;3887;0.780227673;0.763762531;0.276453446;22;8.52E-05
1.412650868;506;3887;0.780227673;0.763762531;0.276453446;22;8.87E-05
1.412650868;506;3887;0.780227673;0.763762531;0.276453446;22;0.000248464
1.412650868;506;3887;0.780227673;0.763762531;0.276453446;22;4.61E-05
1.412650868;506;3887;0.780227673;0.763762531;0.276453446;22;0.000596314
1.412650868;506;3887;0.780227673;0.763762531;0.276453446;22;5.15E-05
1.412650868;506;3887;0.780227673;0.763762531;0.276453446;22;0.000473882
1.412650868;506;3887;0.780227673;0.763762531;0.276453446;22;3.55E-05
1.412650868;506;3887;0.780227673;0.763762531;0.276453446;22;7.10E-05
1.412650868;506;3887;0.780227673;0.763762531;0.276453446;22;5.68E-05
2.013295787;3217;5419;0.715951508;0.225543689;0.536141564;69;6.57E-05
2.013295787;3217;5419;0.715951508;0.225543689;0.536141564;69;0.000514669
2.013295787;3217;5419;0.715951508;0.225543689;0.536141564;69;0.000378022
2.013295787;3217;5419;0.715951508;0.225543689;0.536141564;69;0.000598095
2.013295787;3217;5419;0.715951508;0.225543689;0.536141564;69;0.000420603
2.013295787;3217;5419;0.715951508;0.225543689;0.536141564;69;0.000161504
2.013295787;3217;5419;0.715951508;0.225543689;0.536141564;69;0.000291062
2.013295787;3217;5419;0.715951508;0.225543689;0.536141564;69;0.000202334
2.013295787;3217;5419;0.715951508;0.225543689;0.536141564;69;0.000654913
2.013295787;3217;5419;0.715951508;0.225543689;0.536141564;69;7.28E-05
2.013295787;3217;5419;0.715951508;0.225543689;0.536141564;69;0.000658414
2.013295787;3217;5419;0.715951508;0.225543689;0.536141564;69;0.00114829
2.013295787;3217;5419;0.715951508;0.225543689;0.536141564;69;0.00027686
2.013295787;3217;5419;0.715951508;0.225543689;0.536141564;69;0.000617601
2.013295787;3217;5419;0.715951508;0.225543689;0.536141564;69;0.000157952
2.013295787;3217;5419;0.715951508;0.225543689;0.536141564;69;4.26E-05
2.013295787;3217;5419;0.715951508;0.225543689;0.536141564;69;0.00158493
2.013295787;3217;5419;0.715951508;0.225543689;0.536141564;69;0.00100275
2.013295787;3217;5419;0.715951508;0.225543689;0.536141564;69;0.000340767
2.013295787;3217;5419;0.715951508;0.225543689;0.536141564;69;0.00118732
1.293562918;4613;2782;0.644459164;0.349211708;0.129739945;87;6.03E-05
1.293562918;4613;2782;0.644459164;0.349211708;0.129739945;87;4.97E-05
1.293562918;4613;2782;0.644459164;0.349211708;0.129739945;87;6.92E-05
1.293562918;4613;2782;0.644459164;0.349211708;0.129739945;87;0.000117134
1.293562918;4613;2782;0.644459164;0.349211708;0.129739945;87;2.13E-05
1.293562918;4613;2782;0.644459164;0.349211708;0.129739945;87;6.57E-05
1.293562918;4613;2782;0.644459164;0.349211708;0.129739945;87;2.13E-05
1.293562918;4613;2782;0.644459164;0.349211708;0.129739945;87;4.79E-05
1.293562918;4613;2782;0.644459164;0.349211708;0.129739945;87;3.02E-05
1.293562918;4613;2782;0.644459164;0.349211708;0.129739945;87;2.66E-05
1.293562918;4613;2782;0.644459164;0.349211708;0.129739945;87;6.57E-05
1.293562918;4613;2782;0.644459164;0.349211708;0.129739945;87;3.37E-05
1.293562918;4613;2782;0.644459164;0.349211708;0.129739945;87;6.21E-05
1.293562918;4613;2782;0.644459164;0.349211708;0.129739945;87;0.000122455
1.293562918;4613;2782;0.644459164;0.349211708;0.129739945;87;3.19E-05
1.293562918;4613;2782;0.644459164;0.349211708;0.129739945;87;4.08E-05
1.293562918;4613;2782;0.644459164;0.349211708;0.129739945;87;3.19E-05
1.293562918;4613;2782;0.644459164;0.349211708;0.129739945;87;0.000102937
1.293562918;4613;2782;0.644459164;0.349211708;0.129739945;87;2.84E-05
1.293562918;4613;2782;0.644459164;0.349211708;0.129739945;87;4.44E-05
1.375599582;4926;7987;0.347821983;0.190417156;0.879999812;13;0.000262652
1.375599582;4926;7987;0.347821983;0.190417156;0.879999812;13;0.000198769
1.375599582;4926;7987;0.347821983;0.190417156;0.879999812;13;4.61E-05
1.375599582;4926;7987;0.347821983;0.190417156;0.879999812;13;0.000736526
1.375599582;4926;7987;0.347821983;0.190417156;0.879999812;13;0.000248457
1.375599582;4926;7987;0.347821983;0.190417156;0.879999812;13;3.55E-05
1.375599582;4926;7987;0.347821983;0.190417156;0.879999812;13;0.000126009
1.375599582;4926;7987;0.347821983;0.190417156;0.879999812;13;0.000257354
1.375599582;4926;7987;0.347821983;0.190417156;0.879999812;13;0.00015796
1.375599582;4926;7987;0.347821983;0.190417156;0.879999812;13;8.87E-05
1.375599582;4926;7987;0.347821983;0.190417156;0.879999812;13;0.000211189
1.375599582;4926;7987;0.347821983;0.190417156;0.879999812;13;0.000110037
1.375599582;4926;7987;0.347821983;0.190417156;0.879999812;13;0.000118908
1.375599582;4926;7987;0.347821983;0.190417156;0.879999812;13;0.000113582
1.375599582;4926;7987;0.347821983;0.190417156;0.879999812;13;0.000489829
1.375599582;4926;7987;0.347821983;0.190417156;0.879999812;13;0.000266229
1.375599582;4926;7987;0.347821983;0.190417156;0.879999812;13;0.000917592
1.375599582;4926;7987;0.347821983;0.190417156;0.879999812;13;0.000177477
1.375599582;4926;7987;0.347821983;0.190417156;0.879999812;13;3.90E-05
1.375599582;4926;7987;0.347821983;0.190417156;0.879999812;13;0.000498708
2.110283486;7401;6237;0.670723064;0.474849617;0.004776813;37;0.00365583
2.110283486;7401;6237;0.670723064;0.474849617;0.004776813;37;0.00820453
2.110283486;7401;6237;0.670723064;0.474849617;0.004776813;37;0.00281298
2.110283486;7401;6237;0.670723064;0.474849617;0.004776813;37;0.00308454
2.110283486;7401;6237;0.670723064;0.474849617;0.004776813;37;0.00389901
2.110283486;7401;6237;0.670723064;0.474849617;0.004776813;37;0.00471733
2.110283486;7401;6237;0.670723064;0.474849617;0.004776813;37;0.00216167
2.110283486;7401;6237;0.670723064;0.474849617;0.004776813;37;0.000848381
2.110283486;7401;6237;0.670723064;0.474849617;0.004776813;37;0.00321599
2.110283486;7401;6237;0.670723064;0.474849617;0.004776813;37;0.00102937
2.110283486;7401;6237;0.670723064;0.474849617;0.004776813;37;0.00153512
2.110283486;7401;6237;0.670723064;0.474849617;0.004776813;37;0.00931408
2.110283486;7401;6237;0.670723064;0.474849617;0.004776813;37;0.00681147
2.110283486;7401;6237;0.670723064;0.474849617;0.004776813;37;0.00367543
2.110283486;7401;6237;0.670723064;0.474849617;0.004776813;37;0.000809283
2.110283486;7401;6237;0.670723064;0.474849617;0.004776813;37;0.00431292
2.110283486;7401;6237;0.670723064;0.474849617;0.004776813;37;0.00207834
2.110283486;7401;6237;0.670723064;0.474849617;0.004776813;37;0.000283963
2.110283486;7401;6237;0.670723064;0.474849617;0.004776813;37;0.00261077
2.110283486;7401;6237;0.670723064;0.474849617;0.004776813;37;0.00336317
1.722357375;8214;2292;0.025963823;0.659910294;0.848509148;64;2.84E-05
1.722357375;8214;2292;0.025963823;0.659910294;0.848509148;64;0.000184571
1.722357375;8214;2292;0.025963823;0.659910294;0.848509148;64;0.000118908
1.722357375;8214;2292;0.025963823;0.659910294;0.848509148;64;0.000159729
1.722357375;8214;2292;0.025963823;0.659910294;0.848509148;64;7.45E-05
1.722357375;8214;2292;0.025963823;0.659910294;0.848509148;64;7.10E-05
1.722357375;8214;2292;0.025963823;0.659910294;0.848509148;64;5.50E-05
1.722357375;8214;2292;0.025963823;0.659910294;0.848509148;64;0.000136664
1.722357375;8214;2292;0.025963823;0.659910294;0.848509148;64;4.61E-05
1.722357375;8214;2292;0.025963823;0.659910294;0.848509148;64;0.00532964
1.722357375;8214;2292;0.025963823;0.659910294;0.848509148;64;9.94E-05
1.722357375;8214;2292;0.025963823;0.659910294;0.848509148;64;6.92E-05
1.722357375;8214;2292;0.025963823;0.659910294;0.848509148;64;0.000166826
1.722357375;8214;2292;0.025963823;0.659910294;0.848509148;64;0.000110032
1.722357375;8214;2292;0.025963823;0.659910294;0.848509148;64;4.44E-05
1.722357375;8214;2292;0.025963823;0.659910294;0.848509148;64;3.19E-05
1.722357375;8214;2292;0.025963823;0.659910294;0.848509148;64;0.000197007
1.722357375;8214;2292;0.025963823;0.659910294;0.848509148;64;0.000431269
1.722357375;8214;2292;0.025963823;0.659910294;0.848509148;64;5.50E-05
1.722357375;8214;2292;0.025963823;0.659910294;0.848509148;64;7.10E-05
1.95243481;2202;7218;0.211773242;0.942342005;0.966422802;5;0.0046248
1.95243481;2202;7218;0.211773242;0.942342005;0.966422802;5;0.00439066
1.95243481;2202;7218;0.211773242;0.942342005;0.966422802;5;0.00236752
1.95243481;2202;7218;0.211773242;0.942342005;0.966422802;5;0.00836445
1.95243481;2202;7218;0.211773242;0.942342005;0.966422802;5;0.00537733
1.95243481;2202;7218;0.211773242;0.942342005;0.966422802;5;0.00267103
1.95243481;2202;7218;0.211773242;0.942342005;0.966422802;5;0.00523735
1.95243481;2202;7218;0.211773242;0.942342005;0.966422802;5;0.00171629
1.95243481;2202;7218;0.211773242;0.942342005;0.966422802;5;0.00132757
1.95243481;2202;7218;0.211773242;0.942342005;0.966422802;5;0.00520718
1.95243481;2202;7218;0.211773242;0.942342005;0.966422802;5;0.00411021
1.95243481;2202;7218;0.211773242;0.942342005;0.966422802;5;0.00322479
1.95243481;2202;7218;0.211773242;0.942342005;0.966422802;5;0.0014269
1.95243481;2202;7218;0.211773242;0.942342005;0.966422802;5;0.00626474
1.95243481;2202;7218;0.211773242;0.942342005;0.966422802;5;9.94E-05
1.95243481;2202;7218;0.211773242;0.942342005;0.966422802;5;0.00496606
1.95243481;2202;7218;0.211773242;0.942342005;0.966422802;5;0.00573096
1.95243481;2202;7218;0.211773242;0.942342005;0.966422802;5;0.00613538
1.95243481;2202;7218;0.211773242;0.942342005;0.966422802;5;0.00501034
1.95243481;2202;7218;0.211773242;0.942342005;0.966422802;5;0.000960146
1.248528325;7043;8159;0.097469149;0.253292032;0.265872356;62;1.77E-05
1.248528325;7043;8159;0.097469149;0.253292032;0.265872356;62;7.45E-05
1.248528325;7043;8159;0.097469149;0.253292032;0.265872356;62;1.77E-05
1.248528325;7043;8159;0.097469149;0.253292032;0.265872356;62;6.21E-05
1.248528325;7043;8159;0.097469149;0.253292032;0.265872356;62;6.92E-05
1.248528325;7043;8159;0.097469149;0.253292032;0.265872356;62;5.32E-05
1.248528325;7043;8159;0.097469149;0.253292032;0.265872356;62;2.66E-05
1.248528325;7043;8159;0.097469149;0.253292032;0.265872356;62;6.74E-05
1.248528325;7043;8159;0.097469149;0.253292032;0.265872356;62;2.48E-05
1.248528325;7043;8159;0.097469149;0.253292032;0.265872356;62;7.28E-05
1.248528325;7043;8159;0.097469149;0.253292032;0.265872356;62;4.26E-05
1.248528325;7043;8159;0.097469149;0.253292032;0.265872356;62;2.31E-05
1.248528325;7043;8159;0.097469149;0.253292032;0.265872356;62;4.44E-05
1.248528325;7043;8159;0.097469149;0.253292032;0.265872356;62;9.05E-05
1.248528325;7043;8159;0.097469149;0.253292032;0.265872356;62;8.87E-05
1.248528325;7043;8159;0.097469149;0.253292032;0.265872356;62;7.28E-05
1.248528325;7043;8159;0.097469149;0.253292032;0.265872356;62;7.63E-05
1.248528325;7043;8159;0.097469149;0.253292032;0.265872356;62;4.44E-05
1.248528325;7043;8159;0.097469149;0.253292032;0.265872356;62;3.37E-05
1.248528325;7043;8159;0.097469149;0.253292032;0.265872356;62;5.68E-05
1.614269076;2477;3383;0.433769253;0.090518869;0.070106141;25;2.66E-05
1.614269076;2477;3383;0.433769253;0.090518869;0.070106141;25;0.019222
1.614269076;2477;3383;0.433769253;0.090518869;0.070106141;25;0.000580344
1.614269076;2477;3383;0.433769253;0.090518869;0.070106141;25;0.0076368
1.614269076;2477;3383;0.433769253;0.090518869;0.070106141;25;0.00269044
1.614269076;2477;3383;0.433769253;0.090518869;0.070106141;25;1.95E-05
1.614269076;2477;3383;0.433769253;0.090518869;0.070106141;25;0.00504922
1.614269076;2477;3383;0.433769253;0.090518869;0.070106141;25;0.00257354
1.614269076;2477;3383;0.433769253;0.090518869;0.070106141;25;0.00170561
1.614269076;2477;3383;0.433769253;0.090518869;0.070106141;25;5.50E-05
1.614269076;2477;3383;0.433769253;0.090518869;0.070106141;25;0.00571809
1.614269076;2477;3383;0.433769253;0.090518869;0.070106141;25;6.74E-05
1.614269076;2477;3383;0.433769253;0.090518869;0.070106141;25;0.00316792
1.614269076;2477;3383;0.433769253;0.090518869;0.070106141;25;0.0106927
1.614269076;2477;3383;0.433769253;0.090518869;0.070106141;25;8.70E-05
1.614269076;2477;3383;0.433769253;0.090518869;0.070106141;25;0.00324445
1.614269076;2477;3383;0.433769253;0.090518869;0.070106141;25;0.0111833
1.614269076;2477;3383;0.433769253;0.090518869;0.070106141;25;0.000106486
1.614269076;2477;3383;0.433769253;0.090518869;0.070106141;25;0.00756964
1.614269076;2477;3383;0.433769253;0.090518869;0.070106141;25;5.15E-05
2.065604042;8997;832;0.582811651;0.305781411;0.691827365;34;0.305217
2.065604042;8997;832;0.582811651;0.305781411;0.691827365;34;0.31746
2.065604042;8997;832;0.582811651;0.305781411;0.691827365;34;0.306762
2.065604042;8997;832;0.582811651;0.305781411;0.691827365;34;0.306835
2.065604042;8997;832;0.582811651;0.305781411;0.691827365;34;0.314416
2.065604042;8997;832;0.582811651;0.305781411;0.691827365;34;0.313268
2.065604042;8997;832;0.582811651;0.305781411;0.691827365;34;0.317478
2.065604042;8997;832;0.582811651;0.305781411;0.691827365;34;0.317261
2.065604042;8997;832;0.582811651;0.305781411;0.691827365;34;0.311463
2.065604042;8997;832;0.582811651;0.305781411;0.691827365;34;0.318701
2.065604042;8997;832;0.582811651;0.305781411;0.691827365;34;0.317095
2.065604042;8997;832;0.582811651;0.305781411;0.691827365;34;0.308183
2.065604042;8997;832;0.582811651;0.305781411;0.691827365;34;0.31813
2.065604042;8997;832;0.582811651;0.305781411;0.691827365;34;0.317363
2.065604042;8997;832;0.582811651;0.305781411;0.691827365;34;0.309897
2.065604042;8997;832;0.582811651;0.305781411;0.691827365;34;0.308822
2.065604042;8997;832;0.582811651;0.305781411;0.691827365;34;0.307172
2.065604042;8997;832;0.582811651;0.305781411;0.691827365;34;0.314401
2.065604042;8997;832;0.582811651;0.305781411;0.691827365;34;0.315231
2.065604042;8997;832;0.582811651;0.305781411;0.691827365;34;0.313137
1.460446791;7736;9410;0.7531904;0.85249574;0.469235479;45;7.10E-05
1.460446791;7736;9410;0.7531904;0.85249574;0.469235479;45;8.70E-05
1.460446791;7736;9410;0.7531904;0.85249574;0.469235479;45;6.39E-05
1.460446791;7736;9410;0.7531904;0.85249574;0.469235479;45;6.03E-05
1.460446791;7736;9410;0.7531904;0.85249574;0.469235479;45;3.55E-05
1.460446791;7736;9410;0.7531904;0.85249574;0.469235479;45;3.19E-05
1.460446791;7736;9410;0.7531904;0.85249574;0.469235479;45;4.08E-05
1.460446791;7736;9410;0.7531904;0.85249574;0.469235479;45;0.000104717
1.460446791;7736;9410;0.7531904;0.85249574;0.469235479;45;2.13E-05
1.460446791;7736;9410;0.7531904;0.85249574;0.469235479;45;4.44E-05
1.460446791;7736;9410;0.7531904;0.85249574;0.469235479;45;8.34E-05
1.460446791;7736;9410;0.7531904;0.85249574;0.469235479;45;3.37E-05
1.460446791;7736;9410;0.7531904;0.85249574;0.469235479;45;2.66E-05
1.460446791;7736;9410;0.7531904;0.85249574;0.469235479;45;6.92E-05
1.460446791;7736;9410;0.7531904;0.85249574;0.469235479;45;3.37E-05
1.460446791;7736;9410;0.7531904;0.85249574;0.469235479;45;4.08E-05
1.460446791;7736;9410;0.7531904;0.85249574;0.469235479;45;5.68E-05
1.460446791;7736;9410;0.7531904;0.85249574;0.469235479;45;3.37E-05
1.460446791;7736;9410;0.7531904;0.85249574;0.469235479;45;2.66E-05
1.460446791;7736;9410;0.7531904;0.85249574;0.469235479;45;9.05E-05
2.30571182;976;199;0.618696692;0.917534257;0.766169841;17;0.346608
2.30571182;976;199;0.618696692;0.917534257;0.766169841;17;0.349095
2.30571182;976;199;0.618696692;0.917534257;0.766169841;17;0.346609
2.30571182;976;199;0.618696692;0.917534257;0.766169841;17;0.346661
2.30571182;976;199;0.618696692;0.917534257;0.766169841;17;0.349654
2.30571182;976;199;0.618696692;0.917534257;0.766169841;17;0.35027
2.30571182;976;199;0.618696692;0.917534257;0.766169841;17;0.350363
2.30571182;976;199;0.618696692;0.917534257;0.766169841;17;0.34968
2.30571182;976;199;0.618696692;0.917534257;0.766169841;17;0.347058
2.30571182;976;199;0.618696692;0.917534257;0.766169841;17;0.348121
2.30571182;976;199;0.618696692;0.917534257;0.766169841;17;0.34759
2.30571182;976;199;0.618696692;0.917534257;0.766169841;17;0.350149
2.30571182;976;199;0.618696692;0.917534257;0.766169841;17;0.349094
2.30571182;976;199;0.618696692;0.917534257;0.766169841;17;0.349381
2.30571182;976;199;0.618696692;0.917534257;0.766169841;17;0.34868
2.30571182;976;199;0.618696692;0.917534257;0.766169841;17;0.348329
2.30571182;976;199;0.618696692;0.917534257;0.766169841;17;0.350653
2.30571182;976;199;0.618696692;0.917534257;0.766169841;17;0.350842
2.30571182;976;199;0.618696692;0.917534257;0.766169841;17;0.349595
2.30571182;976;199;0.618696692;0.917534257;0.766169841;17;0.347706
1.587311523;1534;6413;0.175272198;0.624310321;0.715085694;79;6.92E-05
1.587311523;1534;6413;0.175272198;0.624310321;0.715085694;79;0.000129555
1.587311523;1534;6413;0.175272198;0.624310321;0.715085694;79;9.94E-05
1.587311523;1534;6413;0.175272198;0.624310321;0.715085694;79;0.000131332
1.587311523;1534;6413;0.175272198;0.624310321;0.715085694;79;0.000145525
1.587311523;1534;6413;0.175272198;0.624310321;0.715085694;79;5.15E-05
1.587311523;1534;6413;0.175272198;0.624310321;0.715085694;79;6.03E-05
1.587311523;1534;6413;0.175272198;0.624310321;0.715085694;79;5.68E-05
1.587311523;1534;6413;0.175272198;0.624310321;0.715085694;79;3.37E-05
1.587311523;1534;6413;0.175272198;0.624310321;0.715085694;79;8.16E-05
1.587311523;1534;6413;0.175272198;0.624310321;0.715085694;79;0.000193442
1.587311523;1534;6413;0.175272198;0.624310321;0.715085694;79;0.000108262
1.587311523;1534;6413;0.175272198;0.624310321;0.715085694;79;7.99E-05
1.587311523;1534;6413;0.175272198;0.624310321;0.715085694;79;8.70E-05
1.587311523;1534;6413;0.175272198;0.624310321;0.715085694;79;6.21E-05
1.587311523;1534;6413;0.175272198;0.624310321;0.715085694;79;4.61E-05
1.587311523;1534;6413;0.175272198;0.624310321;0.715085694;79;0.000118914
1.587311523;1534;6413;0.175272198;0.624310321;0.715085694;79;9.58E-05
1.587311523;1534;6413;0.175272198;0.624310321;0.715085694;79;7.81E-05
1.587311523;1534;6413;0.175272198;0.624310321;0.715085694;79;0.000110035
2.229867931;2702;622;0.420488166;0.385238651;0.044292577;82;0.363096
2.229867931;2702;622;0.420488166;0.385238651;0.044292577;82;0.367593
2.229867931;2702;622;0.420488166;0.385238651;0.044292577;82;0.363712
2.229867931;2702;622;0.420488166;0.385238651;0.044292577;82;0.365922
2.229867931;2702;622;0.420488166;0.385238651;0.044292577;82;0.371476
2.229867931;2702;622;0.420488166;0.385238651;0.044292577;82;0.363968
2.229867931;2702;622;0.420488166;0.385238651;0.044292577;82;0.365177
2.229867931;2702;622;0.420488166;0.385238651;0.044292577;82;0.367663
2.229867931;2702;622;0.420488166;0.385238651;0.044292577;82;0.360408
2.229867931;2702;622;0.420488166;0.385238651;0.044292577;82;0.370467
2.229867931;2702;622;0.420488166;0.385238651;0.044292577;82;0.361262
2.229867931;2702;622;0.420488166;0.385238651;0.044292577;82;0.368556
2.229867931;2702;622;0.420488166;0.385238651;0.044292577;82;0.359645
2.229867931;2702;622;0.420488166;0.385238651;0.044292577;82;0.367465
2.229867931;2702;622;0.420488166;0.385238651;0.044292577;82;0.354114
2.229867931;2702;622;0.420488166;0.385238651;0.044292577;82;0.363884
2.229867931;2702;622;0.420488166;0.385238651;0.044292577;82;0.369286
2.229867931;2702;622;0.420488166;0.385238651;0.044292577;82;5.68E-05
2.229867931;2702;622;0.420488166;0.385238651;0.044292577;82;0.367173
2.229867931;2702;622;0.420488166;0.385238651;0.044292577;82;0.367583
1.700017639;60;1177;0.969175858;0.142591864;0.907089984;70;0.000317667
1.700017639;60;1177;0.969175858;0.142591864;0.907089984;70;0.075005
1.700017639;60;1177;0.969175858;0.142591864;0.907089984;70;0.000152629
1.700017639;60;1177;0.969175858;0.142591864;0.907089984;70;0.00018635
1.700017639;60;1177;0.969175858;0.142591864;0.907089984;70;4.61E-05
1.700017639;60;1177;0.969175858;0.142591864;0.907089984;70;4.61E-05
1.700017639;60;1177;0.969175858;0.142591864;0.907089984;70;0.0352434
1.700017639;60;1177;0.969175858;0.142591864;0.907089984;70;5.86E-05
1.700017639;60;1177;0.969175858;0.142591864;0.907089984;70;5.15E-05
1.700017639;60;1177;0.969175858;0.142591864;0.907089984;70;0.0260146
1.700017639;60;1177;0.969175858;0.142591864;0.907089984;70;0.000157948
1.700017639;60;1177;0.969175858;0.142591864;0.907089984;70;0.000200551
1.700017639;60;1177;0.969175858;0.142591864;0.907089984;70;6.57E-05
1.700017639;60;1177;0.969175858;0.142591864;0.907089984;70;0.000145527
1.700017639;60;1177;0.969175858;0.142591864;0.907089984;70;0.000244914
1.700017639;60;1177;0.969175858;0.142591864;0.907089984;70;5.86E-05
1.700017639;60;1177;0.969175858;0.142591864;0.907089984;70;0.148174
1.700017639;60;1177;0.969175858;0.142591864;0.907089984;70;0.000108261
1.700017639;60;1177;0.969175858;0.142591864;0.907089984;70;0.0370158
1.700017639;60;1177;0.969175858;0.142591864;0.907089984;70;6.39E-05
2.275803764;9482;8927;0.896020634;0.113770807;0.435460283;76;0.000140199
2.275803764;9482;8927;0.896020634;0.113770807;0.435460283;76;0.0014464
2.275803764;9482;8927;0.896020634;0.113770807;0.435460283;76;0.00114649
2.275803764;9482;8927;0.896020634;0.113770807;0.435460283;76;0.00256453
2.275803764;9482;8927;0.896020634;0.113770807;0.435460283;76;0.00131682
2.275803764;9482;8927;0.896020634;0.113770807;0.435460283;76;0.000979672
2.275803764;9482;8927;0.896020634;0.113770807;0.435460283;76;0.000197
2.275803764;9482;8927;0.896020634;0.113770807;0.435460283;76;0.00125837
2.275803764;9482;8927;0.896020634;0.113770807;0.435460283;76;0.000354966
2.275803764;9482;8927;0.896020634;0.113770807;0.435460283;76;0.000177477
2.275803764;9482;8927;0.896020634;0.113770807;0.435460283;76;0.00127069
2.275803764;9482;8927;0.896020634;0.113770807;0.435460283;76;0.00115361
2.275803764;9482;8927;0.896020634;0.113770807;0.435460283;76;0.00105597
2.275803764;9482;8927;0.896020634;0.113770807;0.435460283;76;0.00160789
2.275803764;9482;8927;0.896020634;0.113770807;0.435460283;76;0.00186525
2.275803764;9482;8927;0.896020634;0.113770807;0.435460283;76;0.0012708
2.275803764;9482;8927;0.896020634;0.113770807;0.435460283;76;0.00154589
2.275803764;9482;8927;0.896020634;0.113770807;0.435460283;76;0.000450792
2.275803764;9482;8927;0.896020634;0.113770807;0.435460283;76;0.000585693
2.275803764;9482;8927;0.896020634;0.113770807;0.435460283;76;0.000851886
1.228949038;3779;9210;0.928020485;0.061871055;0.179711976;10;6.03E-05
1.228949038;3779;9210;0.928020485;0.061871055;0.179711976;10;0.000230714
1.228949038;3779;9210;0.928020485;0.061871055;0.179711976;10;6.57E-05
1.228949038;3779;9210;0.928020485;0.061871055;0.179711976;10;0.000266214
1.228949038;3779;9210;0.928020485;0.061871055;0.179711976;10;0.000372686
1.228949038;3779;9210;0.928020485;0.061871055;0.179711976;10;4.61E-05
1.228949038;3779;9210;0.928020485;0.061871055;0.179711976;10;0.000422395
1.228949038;3779;9210;0.928020485;0.061871055;0.179711976;10;0.000159737
1.228949038;3779;9210;0.928020485;0.061871055;0.179711976;10;1.95E-05
1.228949038;3779;9210;0.928020485;0.061871055;0.179711976;10;4.97E-05
1.228949038;3779;9210;0.928020485;0.061871055;0.179711976;10;0.000110032
1.228949038;3779;9210;0.928020485;0.061871055;0.179711976;10;4.08E-05
1.228949038;3779;9210;0.928020485;0.061871055;0.179711976;10;6.03E-05
1.228949038;3779;9210;0.928020485;0.061871055;0.179711976;10;7.81E-05
1.228949038;3779;9210;0.928020485;0.061871055;0.179711976;10;4.26E-05
1.228949038;3779;9210;0.928020485;0.061871055;0.179711976;10;4.97E-05
1.228949038;3779;9210;0.928020485;0.061871055;0.179711976;10;7.28E-05
1.228949038;3779;9210;0.928020485;0.061871055;0.179711976;10;5.86E-05
1.228949038;3779;9210;0.928020485;0.061871055;0.179711976;10;8.16E-05
1.228949038;3779;9210;0.928020485;0.061871055;0.179711976;10;5.86E-05
1.555817817;6548;4580;0.053510115;0.996769387;0.143124339;31;0.000237806
1.555817817;6548;4580;0.053510115;0.996769387;0.143124339;31;3.37E-05
1.555817817;6548;4580;0.053510115;0.996769387;0.143124339;31;9.05E-05
1.555817817;6548;4580;0.053510115;0.996769387;0.143124339;31;0.000129558
1.555817817;6548;4580;0.053510115;0.996769387;0.143124339;31;9.05E-05
1.555817817;6548;4580;0.053510115;0.996769387;0.143124339;31;0.000117135
1.555817817;6548;4580;0.053510115;0.996769387;0.143124339;31;8.87E-05
1.555817817;6548;4580;0.053510115;0.996769387;0.143124339;31;5.86E-05
1.555817817;6548;4580;0.053510115;0.996769387;0.143124339;31;3.02E-05
1.555817817;6548;4580;0.053510115;0.996769387;0.143124339;31;6.03E-05
1.555817817;6548;4580;0.053510115;0.996769387;0.143124339;31;0.000118905
1.555817817;6548;4580;0.053510115;0.996769387;0.143124339;31;6.57E-05
1.555817817;6548;4580;0.053510115;0.996769387;0.143124339;31;3.55E-05
1.555817817;6548;4580;0.053510115;0.996769387;0.143124339;31;6.21E-05
1.555817817;6548;4580;0.053510115;0.996769387;0.143124339;31;4.44E-05
1.555817817;6548;4580;0.053510115;0.996769387;0.143124339;31;0.00013134
1.555817817;6548;4580;0.053510115;0.996769387;0.143124339;31;9.58E-05
1.555817817;6548;4580;0.053510115;0.996769387;0.143124339;31;8.16E-05
1.555817817;6548;4580;0.053510115;0.996769387;0.143124339;31;4.44E-05
1.555817817;6548;4580;0.053510115;0.996769387;0.143124339;31;6.92E-05
2.395458038;6834;9959;0.239639787;0.291936768;0.824149963;9;0.0269857
2.395458038;6834;9959;0.239639787;0.291936768;0.824149963;9;0.0245107
2.395458038;6834;9959;0.239639787;0.291936768;0.824149963;9;0.0486974
2.395458038;6834;9959;0.239639787;0.291936768;0.824149963;9;0.0511469
2.395458038;6834;9959;0.239639787;0.291936768;0.824149963;9;0.0356093
2.395458038;6834;9959;0.239639787;0.291936768;0.824149963;9;0.0414249
2.395458038;6834;9959;0.239639787;0.291936768;0.824149963;9;0.0360509
2.395458038;6834;9959;0.239639787;0.291936768;0.824149963;9;0.040449
2.395458038;6834;9959;0.239639787;0.291936768;0.824149963;9;0.00954327
2.395458038;6834;9959;0.239639787;0.291936768;0.824149963;9;0.0544234
2.395458038;6834;9959;0.239639787;0.291936768;0.824149963;9;0.0511824
2.395458038;6834;9959;0.239639787;0.291936768;0.824149963;9;0.0475483
2.395458038;6834;9959;0.239639787;0.291936768;0.824149963;9;0.0377826
2.395458038;6834;9959;0.239639787;0.291936768;0.824149963;9;0.0538537
2.395458038;6834;9959;0.239639787;0.291936768;0.824149963;9;0.0189489
2.395458038;6834;9959;0.239639787;0.291936768;0.824149963;9;0.00871812
2.395458038;6834;9959;0.239639787;0.291936768;0.824149963;9;0.0248904
2.395458038;6834;9959;0.239639787;0.291936768;0.824149963;9;0.0365816
2.395458038;6834;9959;0.239639787;0.291936768;0.824149963;9;0.0407483
2.395458038;6834;9959;0.239639787;0.291936768;0.824149963;9;0.00490367
1.341905863;6237;2463;0.803362438;0.73091007;0.97610775;2;4.26E-05
1.341905863;6237;2463;0.803362438;0.73091007;0.97610775;2;0.000340746
1.341905863;6237;2463;0.803362438;0.73091007;0.97610775;2;0.00032478
1.341905863;6237;2463;0.803362438;0.73091007;0.97610775;2;0.00152452
1.341905863;6237;2463;0.803362438;0.73091007;0.97610775;2;0.000821684
1.341905863;6237;2463;0.803362438;0.73091007;0.97610775;2;0.00165053
1.341905863;6237;2463;0.803362438;0.73091007;0.97610775;2;1.95E-05
1.341905863;6237;2463;0.803362438;0.73091007;0.97610775;2;8.70E-05
1.341905863;6237;2463;0.803362438;0.73091007;0.97610775;2;0.00103118
1.341905863;6237;2463;0.803362438;0.73091007;0.97610775;2;0.000557278
1.341905863;6237;2463;0.803362438;0.73091007;0.97610775;2;0.000347842
1.341905863;6237;2463;0.803362438;0.73091007;0.97610775;2;0.000612301
1.341905863;6237;2463;0.803362438;0.73091007;0.97610775;2;0.00125297
1.341905863;6237;2463;0.803362438;0.73091007;0.97610775;2;0.00192734
1.341905863;6237;2463;0.803362438;0.73091007;0.97610775;2;0.00089802
1.341905863;6237;2463;0.803362438;0.73091007;0.97610775;2;2.48E-05
1.341905863;6237;2463;0.803362438;0.73091007;0.97610775;2;0.000349644
1.341905863;6237;2463;0.803362438;0.73091007;0.97610775;2;0.000205873
1.341905863;6237;2463;0.803362438;0.73091007;0.97610775;2;0.00145891
1.341905863;6237;2463;0.803362438;0.73091007;0.97610775;2;0.00113762
1.484414424;9947;1773;0.292761711;0.00891694;0.373954843;89;0.000117128
1.484414424;9947;1773;0.292761711;0.00891694;0.373954843;89;0.000110033
1.484414424;9947;1773;0.292761711;0.00891694;0.373954843;89;0.000177475
1.484414424;9947;1773;0.292761711;0.00891694;0.373954843;89;0.000122459
1.484414424;9947;1773;0.292761711;0.00891694;0.373954843;89;0.000196991
1.484414424;9947;1773;0.292761711;0.00891694;0.373954843;89;9.23E-05
1.484414424;9947;1773;0.292761711;0.00891694;0.373954843;89;6.74E-05
1.484414424;9947;1773;0.292761711;0.00891694;0.373954843;89;0.000271553
1.484414424;9947;1773;0.292761711;0.00891694;0.373954843;89;5.68E-05
1.484414424;9947;1773;0.292761711;0.00891694;0.373954843;89;9.76E-05
1.484414424;9947;1773;0.292761711;0.00891694;0.373954843;89;0.000122454
1.484414424;9947;1773;0.292761711;0.00891694;0.373954843;89;0.000120685
1.484414424;9947;1773;0.292761711;0.00891694;0.373954843;89;5.86E-05
1.484414424;9947;1773;0.292761711;0.00891694;0.373954843;89;0.00056081
1.484414424;9947;1773;0.292761711;0.00891694;0.373954843;89;3.02E-05
1.484414424;9947;1773;0.292761711;0.00891694;0.373954843;89;8.16E-05
1.484414424;9947;1773;0.292761711;0.00891694;0.373954843;89;0.000152636
1.484414424;9947;1773;0.292761711;0.00891694;0.373954843;89;0.000172153
1.484414424;9947;1773;0.292761711;0.00891694;0.373954843;89;4.97E-05
1.484414424;9947;1773;0.292761711;0.00891694;0.373954843;89;5.86E-05
2.330758024;1060;7506;0.952092765;0.804305228;0.308545587;59;0.000170369
2.330758024;1060;7506;0.952092765;0.804305228;0.308545587;59;0.00126715
2.330758024;1060;7506;0.952092765;0.804305228;0.308545587;59;0.000876727
2.330758024;1060;7506;0.952092765;0.804305228;0.308545587;59;0.000802192
2.330758024;1060;7506;0.952092765;0.804305228;0.308545587;59;0.000454322
2.330758024;1060;7506;0.952092765;0.804305228;0.308545587;59;0.00072943
2.330758024;1060;7506;0.952092765;0.804305228;0.308545587;59;0.000544855
2.330758024;1060;7506;0.952092765;0.804305228;0.308545587;59;0.000449039
2.330758024;1060;7506;0.952092765;0.804305228;0.308545587;59;0.000404661
2.330758024;1060;7506;0.952092765;0.804305228;0.308545587;59;0.000220072
2.330758024;1060;7506;0.952092765;0.804305228;0.308545587;59;0.000647766
2.330758024;1060;7506;0.952092765;0.804305228;0.308545587;59;0.000134884
2.330758024;1060;7506;0.952092765;0.804305228;0.308545587;59;0.000587441
2.330758024;1060;7506;0.952092765;0.804305228;0.308545587;59;0.00140912
2.330758024;1060;7506;0.952092765;0.804305228;0.308545587;59;0.00051645
2.330758024;1060;7506;0.952092765;0.804305228;0.308545587;59;0.000347873
2.330758024;1060;7506;0.952092765;0.804305228;0.308545587;59;0.000580373
2.330758024;1060;7506;0.952092765;0.804305228;0.308545587;59;0.000374477
2.330758024;1060;7506;0.952092765;0.804305228;0.308545587;59;0.000218304
2.330758024;1060;7506;0.952092765;0.804305228;0.308545587;59;0.000236043
